Workbook

Sheet Parametri
A1: PARAMETRI — modifica le celle gialle
A2: SOGLIE RARITÀ
A3: T3 — soglia rarità 3 | B3: 0.82
A4: T2 — soglia rarità 2 | B4: 0.68
A5: PESI SCORE
A6: Peso mancanti (0–1) | B6: 0.6
A7: Peso doppi inv. (0–1) | B7: 0.4
A8: FILTRI
A9: Min interazioni totali | B9: 5

Sheet Dati
A1: Annata | B1: Serie | C1: Categoria | D1: Codice | E1: Descrizione | F1: Mancanti | G1: Doppi | H1: Tot. interazioni | I1: Pct mancanti | J1: Pct doppi inv. | K1: Score | L1: Rarità calcolata | M1: Rarità attuale | N1: Stato
A2: 2025/2026 | B2: Animal Families - Crab and Monkey | C2: Compo | D2: VC025 | E2: Crab family | F2: 5 | G2: 0 | H2: 5 | I2: 0 | J2: 0 | K2: =Parametri!$B$6*I2+Parametri!$B$7*J2 | L2: =IF(K2>=Parametri!$B$3,3,IF(K2>=Parametri!$B$4,2,1)) | N2: con dati
A3: 2025/2026 | B3: Animal Families - Crab and Monkey | C3: Compo | D3: VC026 | E3: Monkey family | F3: 8 | G3: 0 | H3: 8 | I3: 1 | J3: 0 | K3: =Parametri!$B$6*I3+Parametri!$B$7*J3 | L3: =IF(K3>=Parametri!$B$3,3,IF(K3>=Parametri!$B$4,2,1)) | N3: con dati
A4: 2025/2026 | B4: Animal Families - Duck and Frog | C4: Compo | D4: VC018 | E4: Duck family | F4: 5 | G4: 0 | H4: 5 | I4: 0 | J4: 0 | K4: =Parametri!$B$6*I4+Parametri!$B$7*J4 | L4: =IF(K4>=Parametri!$B$3,3,IF(K4>=Parametri!$B$4,2,1)) | N4: con dati
A5: 2025/2026 | B5: Animal Families - Duck and Frog | C5: Compo | D5: VC019 | E5: Frog family | F5: 9 | G5: 0 | H5: 9 | I5: 1 | J5: 0 | K5: =Parametri!$B$6*I5+Parametri!$B$7*J5 | L5: =IF(K5>=Parametri!$B$3,3,IF(K5>=Parametri!$B$4,2,1)) | N5: con dati
A6: 2025/2026 | B6: Animal Families - Elephant and Giraffe | C6: Compo | D6: VC033 | E6: Elefant family | F6: 5 | G6: 0 | H6: 5 | I6: 1 | J6: 1 | K6: =Parametri!$B$6*I6+Parametri!$B$7*J6 | L6: =IF(K6>=Parametri!$B$3,3,IF(K6>=Parametri!$B$4,2,1)) | N6: con dati
A7: 2025/2026 | B7: Animal Families - Elephant and Giraffe | C7: Compo | D7: VC034 | E7: Giraffe family | F7: 5 | G7: 1 | H7: 6 | I7: 1 | J7: 0 | K7: =Parametri!$B$6*I7+Parametri!$B$7*J7 | L7: =IF(K7>=Parametri!$B$3,3,IF(K7>=Parametri!$B$4,2,1)) | N7: con dati
A8: 2025/2026 | B8: Animal Families - Hedgehog and Squirrel | C8: Compo | D8: VC020 | E8: Hedgehog family | F8: 7 | G8: 0 | H8: 7 | I8: 0 | J8: 1 | K8: =Parametri!$B$6*I8+Parametri!$B$7*J8 | L8: =IF(K8>=Parametri!$B$3,3,IF(K8>=Parametri!$B$4,2,1)) | N8: con dati
A9: 2025/2026 | B9: Animal Families - Hedgehog and Squirrel | C9: Compo | D9: VC021 | E9: Squirrel family | F9: 8 | G9: 1 | H9: 9 | I9: 1 | J9: 0 | K9: =Parametri!$B$6*I9+Parametri!$B$7*J9 | L9: =IF(K9>=Parametri!$B$3,3,IF(K9>=Parametri!$B$4,2,1)) | N9: con dati
A10: 2025/2026 | B10: Animal Families - Moose and Sheep | C10: Compo | D10: VC023 | E10: Moose family | F10: 8 | G10: 0 | H10: 8 | I10: 1 | J10: 0 | K10: =Parametri!$B$6*I10+Parametri!$B$7*J10 | L10: =IF(K10>=Parametri!$B$3,3,IF(K10>=Parametri!$B$4,2,1)) | N10: con dati
A11: 2025/2026 | B11: Animal Families - Moose and Sheep | C11: Compo | D11: VC024 | E11: Sheep family | F11: 7 | G11: 0 | H11: 7 | I11: 0 | J11: 0 | K11: =Parametri!$B$6*I11+Parametri!$B$7*J11 | L11: =IF(K11>=Parametri!$B$3,3,IF(K11>=Parametri!$B$4,2,1)) | N11: con dati
A12: 2025/2026 | B12: Animal Families - Penguin and Seal | C12: Compo | D12: VC016 | E12: Penguin family | F12: 4 | G12: 0 | H12: 4 | I12: n/d | J12: n/d | K12: n/d | L12: skippato | N12: skippato
A13: 2025/2026 | B13: Animal Families - Penguin and Seal | C13: Compo | D13: VC017 | E13: Seal family | F13: 4 | G13: 0 | H13: 4 | I13: n/d | J13: n/d | K13: n/d | L13: skippato | N13: skippato
A14: 2025/2026 | B14: Animal Families - Rabbit and Mouse | C14: Compo | D14: VC014 | E14: Rabbit family | F14: 5 | G14: 0 | H14: 5 | I14: 0 | J14: 0 | K14: =Parametri!$B$6*I14+Parametri!$B$7*J14 | L14: =IF(K14>=Parametri!$B$3,3,IF(K14>=Parametri!$B$4,2,1)) | N14: con dati
A15: 2025/2026 | B15: Animal Families - Rabbit and Mouse | C15: Compo | D15: VC015 | E15: Mouse family | F15: 6 | G15: 0 | H15: 6 | I15: 1 | J15: 0 | K15: =Parametri!$B$6*I15+Parametri!$B$7*J15 | L15: =IF(K15>=Parametri!$B$3,3,IF(K15>=Parametri!$B$4,2,1)) | N15: con dati
A16: 2025/2026 | B16: Animal Spinner | C16: Compo | D16: VC258 | E16: Sea spinner | F16: 5 | G16: 0 | H16: 5 | I16: 1 | J16: 0 | K16: =Parametri!$B$6*I16+Parametri!$B$7*J16 | L16: =IF(K16>=Parametri!$B$3,3,IF(K16>=Parametri!$B$4,2,1)) | N16: con dati
A17: 2025/2026 | B17: Animal Spinner | C17: Compo | D17: VC258A | E17: Jungle spinner | F17: 4 | G17: 0 | H17: 4 | I17: n/d | J17: n/d | K17: n/d | L17: skippato | N17: skippato
A18: 2025/2026 | B18: Animal Stamps | C18: Compo | D18: VQ047 | E18: Mouse stamp | F18: 7 | G18: 0 | H18: 7 | I18: 1 | J18: 1 | K18: =Parametri!$B$6*I18+Parametri!$B$7*J18 | L18: =IF(K18>=Parametri!$B$3,3,IF(K18>=Parametri!$B$4,2,1)) | N18: con dati
A19: 2025/2026 | B19: Animal Stamps | C19: Compo | D19: VQ048 | E19: Parrot stamp | F19: 5 | G19: 1 | H19: 6 | I19: 0 | J19: 0 | K19: =Parametri!$B$6*I19+Parametri!$B$7*J19 | L19: =IF(K19>=Parametri!$B$3,3,IF(K19>=Parametri!$B$4,2,1)) | N19: con dati
A20: 2025/2026 | B20: Christmas 2025 | C20: Hand_painted | D20: VC240 | E20: Elf green with snow scooter | F20: 8 | G20: 1 | H20: 9 | I20: 0.36363636 | J20: 0.27272727 | K20: =Parametri!$B$6*I20+Parametri!$B$7*J20 | L20: =IF(K20>=Parametri!$B$3,3,IF(K20>=Parametri!$B$4,2,1)) | N20: con dati
A21: 2025/2026 | B21: Christmas 2025 | C21: Hand_painted | D21: VD259A | E21: Santa with sleigh | F21: 7 | G21: 2 | H21: 9 | I21: 0.18181818 | J21: 0.090909091 | K21: =Parametri!$B$6*I21+Parametri!$B$7*J21 | L21: =IF(K21>=Parametri!$B$3,3,IF(K21>=Parametri!$B$4,2,1)) | N21: con dati
A22: 2025/2026 | B22: Christmas 2025 | C22: Hand_painted | D22: VD262A | E22: Reindeer on snowboard | F22: 9 | G22: 1 | H22: 10 | I22: 0.54545455 | J22: 0.27272727 | K22: =Parametri!$B$6*I22+Parametri!$B$7*J22 | L22: =IF(K22>=Parametri!$B$3,3,IF(K22>=Parametri!$B$4,2,1)) | N22: con dati
A23: 2025/2026 | B23: Christmas 2025 | C23: Hand_painted | D23: VD266B | E23: Santa with snowmobile | F23: 7 | G23: 2 | H23: 9 | I23: 0.18181818 | J23: 0.090909091 | K23: =Parametri!$B$6*I23+Parametri!$B$7*J23 | L23: =IF(K23>=Parametri!$B$3,3,IF(K23>=Parametri!$B$4,2,1)) | N23: con dati
A24: 2025/2026 | B24: Christmas 2025 | C24: Hand_painted | D24: VQ252A | E24: Gingerbread man | F24: 14 | G24: 0 | H24: 14 | I24: 1 | J24: 1 | K24: =Parametri!$B$6*I24+Parametri!$B$7*J24 | L24: =IF(K24>=Parametri!$B$3,3,IF(K24>=Parametri!$B$4,2,1)) | N24: con dati
A25: 2025/2026 | B25: Christmas 2025 | C25: Hand_painted | D25: VQ254A | E25: Santa with motor sled | F25: 10 | G25: 3 | H25: 13 | I25: 0.81818182 | J25: 0 | K25: =Parametri!$B$6*I25+Parametri!$B$7*J25 | L25: =IF(K25>=Parametri!$B$3,3,IF(K25>=Parametri!$B$4,2,1)) | N25: con dati
A26: 2025/2026 | B26: Christmas 2025 | C26: Hand_painted | D26: VQ255A | E26: Owl | F26: 8 | G26: 1 | H26: 9 | I26: 0.36363636 | J26: 0.27272727 | K26: =Parametri!$B$6*I26+Parametri!$B$7*J26 | L26: =IF(K26>=Parametri!$B$3,3,IF(K26>=Parametri!$B$4,2,1)) | N26: con dati
A27: 2025/2026 | B27: Christmas 2025 | C27: Hand_painted | D27: VQ257A | E27: Elf red with snowboard | F27: 10 | G27: 1 | H27: 11 | I27: 0.81818182 | J27: 0.27272727 | K27: =Parametri!$B$6*I27+Parametri!$B$7*J27 | L27: =IF(K27>=Parametri!$B$3,3,IF(K27>=Parametri!$B$4,2,1)) | N27: con dati
A28: 2025/2026 | B28: Christmas 2025 | C28: Hand_painted | D28: VQ259A | E28: Polar bear | F28: 9 | G28: 1 | H28: 10 | I28: 0.54545455 | J28: 0.27272727 | K28: =Parametri!$B$6*I28+Parametri!$B$7*J28 | L28: =IF(K28>=Parametri!$B$3,3,IF(K28>=Parametri!$B$4,2,1)) | N28: con dati
A29: 2025/2026 | B29: Christmas 2025 | C29: Hand_painted | D29: VQ260A | E29: Reindeer on skis | F29: 10 | G29: 1 | H29: 11 | I29: 0.81818182 | J29: 0.27272727 | K29: =Parametri!$B$6*I29+Parametri!$B$7*J29 | L29: =IF(K29>=Parametri!$B$3,3,IF(K29>=Parametri!$B$4,2,1)) | N29: con dati
... A52: 2025/2026 | B52: Demolition Stars | C52: Compo | D52: VC088 | E52: Wrecking ball | F52: 5 | G52: 1 | H52: 6 | I52: 1 | J52: 0 | K52: =Parametri!$B$6*I52+Parametri!$B$7*J52 | L52: =IF(K52>=Parametri!$B$3,3,IF(K52>=Parametri!$B$4,2,1)) | N52: con dati
A53: 2025/2026 | B53: Demolition Stars | C53: Compo | D53: VC089 | E53: Concrete nibbler | F53: 4 | G53: 0 | H53: 4 | I53: n/d | J53: n/d | K53: n/d | L53: skippato | N53: skippato
A54: 2025/2026 | B54: Do not squezze me | C54: Compo | D54: VC076 | E54: Crocodile | F54: 4 | G54: 0 | H54: 4 | I54: n/d | J54: n/d | K54: n/d | L54: skippato | N54: skippato
A55: 2025/2026 | B55: Do not squezze me | C55: Compo | D55: VC077 | E55: Parrot on the beach | F55: 4 | G55: 0 | H55: 4 | I55: n/d | J55: n/d | K55: n/d | L55: skippato | N55: skippato
A56: 2025/2026 | B56: Dodos Return | C56: Compo | D56: VC002 | E56: Dodo yellow | F56: 4 | G56: 0 | H56: 4 | I56: n/d | J56: n/d | K56: n/d | L56: skippato | N56: skippato
A57: 2025/2026 | B57: Dodos Return | C57: Compo | D57: VC002B | E57: Dodo light blue | F57: 4 | G57: 0 | H57: 4 | I57: n/d | J57: n/d | K57: n/d | L57: skippato | N57: skippato
A58: 2025/2026 | B58: Easter 2026 | C58: Hand_painted | D58: VC241 | E58: Red Bird | F58: 6 | G58: 1 | H58: 7 | I58: 0.8 | J58: 0.4 | K58: =Parametri!$B$6*I58+Parametri!$B$7*J58 | L58: =IF(K58>=Parametri!$B$3,3,IF(K58>=Parametri!$B$4,2,1)) | N58: con dati
A59: 2025/2026 | B59: Easter 2026 | C59: Hand_painted | D59: VC244 | E59: Hedgehog | F59: 6 | G59: 2 | H59: 8 | I59: 0.8 | J59: 0.1 | K59: =Parametri!$B$6*I59+Parametri!$B$7*J59 | L59: =IF(K59>=Parametri!$B$3,3,IF(K59>=Parametri!$B$4,2,1)) | N59: con dati
A60: 2025/2026 | B60: Easter 2026 | C60: Hand_painted | D60: VC245 | E60: Pink Rabbit | F60: 5 | G60: 0 | H60: 5 | I60: 0.4 | J60: 0.9 | K60: =Parametri!$B$6*I60+Parametri!$B$7*J60 | L60: =IF(K60>=Parametri!$B$3,3,IF(K60>=Parametri!$B$4,2,1)) | N60: con dati
A61: 2025/2026 | B61: Easter 2026 | C61: Hand_painted | D61: VC246 | E61: Frog | F61: 5 | G61: 1 | H61: 6 | I61: 0.4 | J61: 0.4 | K61: =Parametri!$B$6*I61+Parametri!$B$7*J61 | L61: =IF(K61>=Parametri!$B$3,3,IF(K61>=Parametri!$B$4,2,1)) | N61: con dati
A62: 2025/2026 | B62: Easter 2026 | C62: Hand_painted | D62: VC247 | E62: Black sheep | F62: 5 | G62: 1 | H62: 6 | I62: 0.4 | J62: 0.4 | K62: =Parametri!$B$6*I62+Parametri!$B$7*J62 | L62: =IF(K62>=Parametri!$B$3,3,IF(K62>=Parametri!$B$4,2,1)) | N62: con dati
A63: 2025/2026 | B63: Easter 2026 | C63: Hand_painted | D63: VC250 | E63: Chick | F63: 6 | G63: 1 | H63: 7 | I63: 0.8 | J63: 0.4 | K63: =Parametri!$B$6*I63+Parametri!$B$7*J63 | L63: =IF(K63>=Parametri!$B$3,3,IF(K63>=Parametri!$B$4,2,1)) | N63: con dati
A64: 2025/2026 | B64: Easter 2026 | C64: Hand_painted | D64: VC251 | E64: Blue Bird | F64: 6 | G64: 2 | H64: 8 | I64: 0.8 | J64: 0.1 | K64: =Parametri!$B$6*I64+Parametri!$B$7*J64 | L64: =IF(K64>=Parametri!$B$3,3,IF(K64>=Parametri!$B$4,2,1)) | N64: con dati
A65: 2025/2026 | B65: Easter 2026 | C65: Hand_painted | D65: VC252 | E65: Fox | F65: 5 | G65: 3 | H65: 8 | I65: 0.4 | J65: 0 | K65: =Parametri!$B$6*I65+Parametri!$B$7*J65 | L65: =IF(K65>=Parametri!$B$3,3,IF(K65>=Parametri!$B$4,2,1)) | N65: con dati
A66: 2025/2026 | B66: Easter 2026 | C66: Hand_painted | D66: VC253 | E66: Chicken | F66: 5 | G66: 2 | H66: 7 | I66: 0.4 | J66: 0.1 | K66: =Parametri!$B$6*I66+Parametri!$B$7*J66 | L66: =IF(K66>=Parametri!$B$3,3,IF(K66>=Parametri!$B$4,2,1)) | N66: con dati
A67: 2025/2026 | B67: Easter 2026 | C67: Hand_painted | D67: VC254 | E67: Blue Rabbit | F67: 7 | G67: 1 | H67: 8 | I67: 0.9 | J67: 0.4 | K67: =Parametri!$B$6*I67+Parametri!$B$7*J67 | L67: =IF(K67>=Parametri!$B$3,3,IF(K67>=Parametri!$B$4,2,1)) | N67: con dati
A68: 2025/2026 | B68: Easter 2026 | C68: Hand_painted | D68: VC385 | E68: Rooster | F68: 9 | G68: 0 | H68: 9 | I68: 1 | J68: 0.9 | K68: =Parametri!$B$6*I68+Parametri!$B$7*J68 | L68: =IF(K68>=Parametri!$B$3,3,IF(K68>=Parametri!$B$4,2,1)) | N68: con dati
A69: 2025/2026 | B69: Easter 2026 | C69: Hand_painted | D69: VC242 | E69: White sheep | F69: 2 | G69: 1 | H69: 3 | I69: n/d | J69: n/d | K69: n/d | L69: skippato | N69: skippato
A70: 2025/2026 | B70: Excavators | C70: Compo | D70: VC008 | E70: Excavator | F70: 4 | G70: 0 | H70: 4 | I70: n/d | J70: n/d | K70: n/d | L70: skippato | N70: skippato
A71: 2025/2026 | B71: Excavators | C71: Compo | D71: VC009 | E71: Demolition excavator | F71: 3 | G71: 1 | H71: 4 | I71: n/d | J71: n/d | K71: n/d | L71: skippato | N71: skippato
A72: 2025/2026 | B72: Fairies World | C72: Compo | D72: VT023A | E72: Fairy Agnes | F72: 9 | G72: 0 | H72: 9 | I72: 0.83870968 | J72: 0.19354839 | K72: =Parametri!$B$6*I72+Parametri!$B$7*J72 | L72: =IF(K72>=Parametri!$B$3,3,IF(K72>=Parametri!$B$4,2,1)) | N72: con dati
A73: 2025/2026 | B73: Fairies World | C73: Compo | D73: VT023B | E73: Fairy Bea | F73: 10 | G73: 0 | H73: 10 | I73: 1 | J73: 0.19354839 | K73: =Parametri!$B$6*I73+Parametri!$B$7*J73 | L73: =IF(K73>=Parametri!$B$3,3,IF(K73>=Parametri!$B$4,2,1)) | N73: con dati
A74: 2025/2026 | B74: Fairies World | C74: Compo | D74: VT024A | E74: Fairy Monika | F74: 9 | G74: 0 | H74: 9 | I74: 0.83870968 | J74: 0.19354839 | K74: =Parametri!$B$6*I74+Parametri!$B$7*J74 | L74: =IF(K74>=Parametri!$B$3,3,IF(K74>=Parametri!$B$4,2,1)) | N74: con dati
A75: 2025/2026 | B75: Fairies World | C75: Compo | D75: VT024B | E75: Fairy Wanda | F75: 8 | G75: 1 | H75: 9 | I75: 0.19354839 | J75: 0 | K75: =Parametri!$B$6*I75+Parametri!$B$7*J75 | L75: =IF(K75>=Parametri!$B$3,3,IF(K75>=Parametri!$B$4,2,1)) | N75: con dati
A76: 2025/2026 | B76: Fairies World | C76: Compo | D76: VT025A | E76: Flowee Regina | F76: 10 | G76: 0 | H76: 10 | I76: 1 | J76: 0.19354839 | K76: =Parametri!$B$6*I76+Parametri!$B$7*J76 | L76: =IF(K76>=Parametri!$B$3,3,IF(K76>=Parametri!$B$4,2,1)) | N76: con dati
A77: 2025/2026 | B77: Fairies World | C77: Compo | D77: VT025B | E77: Flowee Jasmin | F77: 9 | G77: 1 | H77: 10 | I77: 0.83870968 | J77: 0 | K77: =Parametri!$B$6*I77+Parametri!$B$7*J77 | L77: =IF(K77>=Parametri!$B$3,3,IF(K77>=Parametri!$B$4,2,1)) | N77: con dati
A78: 2025/2026 | B78: Fairies World | C78: Compo | D78: VT026A | E78: Flowee Stella | F78: 8 | G78: 0 | H78: 8 | I78: 0.19354839 | J78: 0.19354839 | K78: =Parametri!$B$6*I78+Parametri!$B$7*J78 | L78: =IF(K78>=Parametri!$B$3,3,IF(K78>=Parametri!$B$4,2,1)) | N78: con dati
A79: 2025/2026 | B79: Fairies World | C79: Compo | D79: VT026B | E79: Flowee Ruby | F79: 9 | G79: 0 | H79: 9 | I79: 0.83870968 | J79: 0.19354839 | K79: =Parametri!$B$6*I79+Parametri!$B$7*J79 | L79: =IF(K79>=Parametri!$B$3,3,IF(K79>=Parametri!$B$4,2,1)) | N79: con dati
A80: 2025/2026 | B80: Fairies World | C80: Compo | D80: VT035A | E80: Crystal rescal bracialet green | F80: 9 | G80: 0 | H80: 9 | I80: 0.83870968 | J80: 0.19354839 | K80: =Parametri!$B$6*I80+Parametri!$B$7*J80 | L80: =IF(K80>=Parametri!$B$3,3,IF(K80>=Parametri!$B$4,2,1)) | N80: con dati
A81: 2025/2026 | B81: Fairies World | C81: Compo | D81: VT035B | E81: Crystal rescal bracialet red | F81: 9 | G81: 0 | H81: 9 | I81: 0.83870968 | J81: 0.19354839 | K81: =Parametri!$B$6*I81+Parametri!$B$7*J81 | L81: =IF(K81>=Parametri!$B$3,3,IF(K81>=Parametri!$B$4,2,1)) | N81: con dati
A82: 2025/2026 | B82: Fairies World | C82: Compo | D82: VT036A | E82: Crystal hopper bracialet blue | F82: 9 | G82: 0 | H82: 9 | I82: 0.83870968 | J82: 0.19354839 | K82: =Parametri!$B$6*I82+Parametri!$B$7*J82 | L82: =IF(K82>=Parametri!$B$3,3,IF(K82>=Parametri!$B$4,2,1)) | N82: con dati
A83: 2025/2026 | B83: Fairies World | C83: Compo | D83: VT036B | E83: Crystal hopper bracialet pink | F83: 8 | G83: 0 | H83: 8 | I83: 0.19354839 | J83: 0.19354839 | K83: =Parametri!$B$6*I83+Parametri!$B$7*J83 | L83: =IF(K83>=Parametri!$B$3,3,IF(K83>=Parametri!$B$4,2,1)) | N83: con dati
... A104: 2025/2026 | B104: Frozen 4 | C104: Hand_painted | D104: VT428 | E104: Elsa - Frozen 3 edition | F104: 5 | G104: 0 | H104: 5 | I104: 1 | J104: 0 | K104: =Parametri!$B$6*I104+Parametri!$B$7*J104 | L104: =IF(K104>=Parametri!$B$3,3,IF(K104>=Parametri!$B$4,2,1)) | N104: con dati
A105: 2025/2026 | B105: Frozen 4 | C105: Hand_painted | D105: VT429 | E105: Anna - Frozen 3 edition | F105: 4 | G105: 0 | H105: 4 | I105: n/d | J105: n/d | K105: n/d | L105: skippato | N105: skippato
A106: 2025/2026 | B106: Frozen 4 | C106: Hand_painted | D106: VU335 | E106: Anna - Frozen II edition | F106: 4 | G106: 0 | H106: 4 | I106: n/d | J106: n/d | K106: n/d | L106: skippato | N106: skippato
A107: 2025/2026 | B107: Frozen 4 | C107: Hand_painted | D107: VU336 | E107: Olaf | F107: 4 | G107: 0 | H107: 4 | I107: n/d | J107: n/d | K107: n/d | L107: skippato | N107: skippato
A108: 2025/2026 | B108: Frozen 4 | C108: Hand_painted | D108: VU337 | E108: Elsa - Frozen II edition | F108: 4 | G108: 0 | H108: 4 | I108: n/d | J108: n/d | K108: n/d | L108: skippato | N108: skippato
A109: 2025/2026 | B109: Frozen 4 | C109: Hand_painted | D109: VU338 | E109: Bruni | F109: 4 | G109: 0 | H109: 4 | I109: n/d | J109: n/d | K109: n/d | L109: skippato | N109: skippato
A110: 2025/2026 | B110: Frozen 4 | C110: Hand_painted | D110: VU339 | E110: Kristoff | F110: 4 | G110: 0 | H110: 4 | I110: n/d | J110: n/d | K110: n/d | L110: skippato | N110: skippato
A111: 2025/2026 | B111: Frozen 4 | C111: Hand_painted | D111: VU340 | E111: The Nokk | F111: 4 | G111: 0 | H111: 4 | I111: n/d | J111: n/d | K111: n/d | L111: skippato | N111: skippato
A112: 2025/2026 | B112: Funko Stranger Things | C112: Hand_painted | D112: VC259 | E112: Will | F112: 56 | G112: 3 | H112: 59 | I112: 1 | J112: 1 | K112: =Parametri!$B$6*I112+Parametri!$B$7*J112 | L112: =IF(K112>=Parametri!$B$3,3,IF(K112>=Parametri!$B$4,2,1)) | N112: con dati
A113: 2025/2026 | B113: Funko Stranger Things | C113: Hand_painted | D113: VC260 | E113: Will Upside Down | F113: 42 | G113: 10 | H113: 52 | I113: 0.95652174 | J113: 0.95652174 | K113: =Parametri!$B$6*I113+Parametri!$B$7*J113 | L113: =IF(K113>=Parametri!$B$3,3,IF(K113>=Parametri!$B$4,2,1)) | N113: con dati
A114: 2025/2026 | B114: Funko Stranger Things | C114: Hand_painted | D114: VC261 | E114: Dustin | F114: 16 | G114: 23 | H114: 39 | I114: 0.69565217 | J114: 0.13043478 | K114: =Parametri!$B$6*I114+Parametri!$B$7*J114 | L114: =IF(K114>=Parametri!$B$3,3,IF(K114>=Parametri!$B$4,2,1)) | N114: con dati
A115: 2025/2026 | B115: Funko Stranger Things | C115: Hand_painted | D115: VC262 | E115: Dustin Upside Down | F115: 23 | G115: 20 | H115: 43 | I115: 0.91304348 | J115: 0.34782609 | K115: =Parametri!$B$6*I115+Parametri!$B$7*J115 | L115: =IF(K115>=Parametri!$B$3,3,IF(K115>=Parametri!$B$4,2,1)) | N115: con dati
A116: 2025/2026 | B116: Funko Stranger Things | C116: Hand_painted | D116: VC263 | E116: Hopper | F116: 9 | G116: 23 | H116: 32 | I116: 0 | J116: 0.13043478 | K116: =Parametri!$B$6*I116+Parametri!$B$7*J116 | L116: =IF(K116>=Parametri!$B$3,3,IF(K116>=Parametri!$B$4,2,1)) | N116: con dati
A117: 2025/2026 | B117: Funko Stranger Things | C117: Hand_painted | D117: VC264 | E117: Hopper Upside Down | F117: 15 | G117: 16 | H117: 31 | I117: 0.65217391 | J117: 0.82608696 | K117: =Parametri!$B$6*I117+Parametri!$B$7*J117 | L117: =IF(K117>=Parametri!$B$3,3,IF(K117>=Parametri!$B$4,2,1)) | N117: con dati
A118: 2025/2026 | B118: Funko Stranger Things | C118: Hand_painted | D118: VC265 | E118: Max | F118: 13 | G118: 25 | H118: 38 | I118: 0.47826087 | J118: 0.086956522 | K118: =Parametri!$B$6*I118+Parametri!$B$7*J118 | L118: =IF(K118>=Parametri!$B$3,3,IF(K118>=Parametri!$B$4,2,1)) | N118: con dati
A119: 2025/2026 | B119: Funko Stranger Things | C119: Hand_painted | D119: VC266 | E119: Max Upside Down | F119: 22 | G119: 19 | H119: 41 | I119: 0.86956522 | J119: 0.52173913 | K119: =Parametri!$B$6*I119+Parametri!$B$7*J119 | L119: =IF(K119>=Parametri!$B$3,3,IF(K119>=Parametri!$B$4,2,1)) | N119: con dati
A120: 2025/2026 | B120: Funko Stranger Things | C120: Hand_painted | D120: VC267 | E120: Steve | F120: 10 | G120: 27 | H120: 37 | I120: 0.13043478 | J120: 0 | K120: =Parametri!$B$6*I120+Parametri!$B$7*J120 | L120: =IF(K120>=Parametri!$B$3,3,IF(K120>=Parametri!$B$4,2,1)) | N120: con dati
A121: 2025/2026 | B121: Funko Stranger Things | C121: Hand_painted | D121: VC268 | E121: Steve Upside Down | F121: 12 | G121: 26 | H121: 38 | I121: 0.30434783 | J121: 0.043478261 | K121: =Parametri!$B$6*I121+Parametri!$B$7*J121 | L121: =IF(K121>=Parametri!$B$3,3,IF(K121>=Parametri!$B$4,2,1)) | N121: con dati
A122: 2025/2026 | B122: Funko Stranger Things | C122: Hand_painted | D122: VC269 | E122: Eleven | F122: 18 | G122: 18 | H122: 36 | I122: 0.7826087 | J122: 0.65217391 | K122: =Parametri!$B$6*I122+Parametri!$B$7*J122 | L122: =IF(K122>=Parametri!$B$3,3,IF(K122>=Parametri!$B$4,2,1)) | N122: con dati
A123: 2025/2026 | B123: Funko Stranger Things | C123: Hand_painted | D123: VC271 | E123: Demo Gorgon | F123: 11 | G123: 23 | H123: 34 | I123: 0.26086957 | J123: 0.13043478 | K123: =Parametri!$B$6*I123+Parametri!$B$7*J123 | L123: =IF(K123>=Parametri!$B$3,3,IF(K123>=Parametri!$B$4,2,1)) | N123: con dati
... A165: 2025/2026 | B165: Key Guard | C165: Compo | D165: VC054 | E165: Frog | F165: 4 | G165: 2 | H165: 6 | I165: 1 | J165: 0 | K165: =Parametri!$B$6*I165+Parametri!$B$7*J165 | L165: =IF(K165>=Parametri!$B$3,3,IF(K165>=Parametri!$B$4,2,1)) | N165: con dati
A166: 2025/2026 | B166: Key Guard | C166: Compo | D166: VC056 | E166: Monkey | F166: 4 | G166: 0 | H166: 4 | I166: n/d | J166: n/d | K166: n/d | L166: skippato | N166: skippato
A167: 2025/2026 | B167: Look in my Eyes | C167: Compo | D167: VC029A | E167: Purple eyes | F167: 6 | G167: 0 | H167: 6 | I167: 1 | J167: 0 | K167: =Parametri!$B$6*I167+Parametri!$B$7*J167 | L167: =IF(K167>=Parametri!$B$3,3,IF(K167>=Parametri!$B$4,2,1)) | N167: con dati
A168: 2025/2026 | B168: Look in my Eyes | C168: Compo | D168: VC029 | E168: Green eyes | F168: 4 | G168: 0 | H168: 4 | I168: n/d | J168: n/d | K168: n/d | L168: skippato | N168: skippato
A169: 2025/2026 | B169: Minecraft | C169: Hand_painted | D169: VC307 | E169: Alex | F169: 11 | G169: 10 | H169: 21 | I169: 0 | J169: 0 | K169: =Parametri!$B$6*I169+Parametri!$B$7*J169 | L169: =IF(K169>=Parametri!$B$3,3,IF(K169>=Parametri!$B$4,2,1)) | N169: con dati
A170: 2025/2026 | B170: Minecraft | C170: Hand_painted | D170: VC308 | E170: Steve | F170: 16 | G170: 3 | H170: 19 | I170: 0.51851852 | J170: 0.22222222 | K170: =Parametri!$B$6*I170+Parametri!$B$7*J170 | L170: =IF(K170>=Parametri!$B$3,3,IF(K170>=Parametri!$B$4,2,1)) | N170: con dati
A171: 2025/2026 | B171: Minecraft | C171: Hand_painted | D171: VC309 | E171: Creeper | F171: 24 | G171: 1 | H171: 25 | I171: 0.96296296 | J171: 0.74074074 | K171: =Parametri!$B$6*I171+Parametri!$B$7*J171 | L171: =IF(K171>=Parametri!$B$3,3,IF(K171>=Parametri!$B$4,2,1)) | N171: con dati
A172: 2025/2026 | B172: Minecraft | C172: Hand_painted | D172: VC309A | E172: Charged Creeper | F172: 25 | G172: 3 | H172: 28 | I172: 1 | J172: 0.22222222 | K172: =Parametri!$B$6*I172+Parametri!$B$7*J172 | L172: =IF(K172>=Parametri!$B$3,3,IF(K172>=Parametri!$B$4,2,1)) | N172: con dati
A173: 2025/2026 | B173: Minecraft | C173: Hand_painted | D173: VC310 | E173: Zombie | F173: 20 | G173: 2 | H173: 22 | I173: 0.85185185 | J173: 0.51851852 | K173: =Parametri!$B$6*I173+Parametri!$B$7*J173 | L173: =IF(K173>=Parametri!$B$3,3,IF(K173>=Parametri!$B$4,2,1)) | N173: con dati
A174: 2025/2026 | B174: Minecraft | C174: Hand_painted | D174: VC311 | E174: Enderman | F174: 17 | G174: 2 | H174: 19 | I174: 0.59259259 | J174: 0.51851852 | K174: =Parametri!$B$6*I174+Parametri!$B$7*J174 | L174: =IF(K174>=Parametri!$B$3,3,IF(K174>=Parametri!$B$4,2,1)) | N174: con dati
A175: 2025/2026 | B175: Minecraft | C175: Hand_painted | D175: VC312 | E175: Alex in golden armour | F175: 15 | G175: 3 | H175: 18 | I175: 0.44444444 | J175: 0.22222222 | K175: =Parametri!$B$6*I175+Parametri!$B$7*J175 | L175: =IF(K175>=Parametri!$B$3,3,IF(K175>=Parametri!$B$4,2,1)) | N175: con dati
A176: 2025/2026 | B176: Minecraft | C176: Hand_painted | D176: VC314 | E176: Steve in diamond armour | F176: 21 | G176: 2 | H176: 23 | I176: 0.88888889 | J176: 0.51851852 | K176: =Parametri!$B$6*I176+Parametri!$B$7*J176 | L176: =IF(K176>=Parametri!$B$3,3,IF(K176>=Parametri!$B$4,2,1)) | N176: con dati
A177: 2025/2026 | B177: Minecraft | C177: Hand_painted | D177: VC315 | E177: Netherportal Skeleton smartphone holder | F177: 15 | G177: 4 | H177: 19 | I177: 0.44444444 | J177: 0.074074074 | K177: =Parametri!$B$6*I177+Parametri!$B$7*J177 | L177: =IF(K177>=Parametri!$B$3,3,IF(K177>=Parametri!$B$4,2,1)) | N177: con dati
A178: 2025/2026 | B178: Minecraft | C178: Hand_painted | D178: VC317 | E178: Alex in golden armour paper clip | F178: 15 | G178: 3 | H178: 18 | I178: 0.44444444 | J178: 0.22222222 | K178: =Parametri!$B$6*I178+Parametri!$B$7*J178 | L178: =IF(K178>=Parametri!$B$3,3,IF(K178>=Parametri!$B$4,2,1)) | N178: con dati
A179: 2025/2026 | B179: Minecraft | C179: Hand_painted | D179: VC318 | E179: Steve in diamond armour paper clip | F179: 18 | G179: 4 | H179: 22 | I179: 0.62962963 | J179: 0.074074074 | K179: =Parametri!$B$6*I179+Parametri!$B$7*J179 | L179: =IF(K179>=Parametri!$B$3,3,IF(K179>=Parametri!$B$4,2,1)) | N179: con dati
A180: 2025/2026 | B180: Minecraft | C180: Hand_painted | D180: VC319 | E180: Ender Dragon | F180: 15 | G180: 3 | H180: 18 | I180: 0.44444444 | J180: 0.22222222 | K180: =Parametri!$B$6*I180+Parametri!$B$7*J180 | L180: =IF(K180>=Parametri!$B$3,3,IF(K180>=Parametri!$B$4,2,1)) | N180: con dati
... A197: 2025/2026 | B197: On the Constrution site | C197: Compo | D197: VC094 | E197: Shovel excavator | F197: 5 | G197: 0 | H197: 5 | I197: 1 | J197: 0 | K197: =Parametri!$B$6*I197+Parametri!$B$7*J197 | L197: =IF(K197>=Parametri!$B$3,3,IF(K197>=Parametri!$B$4,2,1)) | N197: con dati
A198: 2025/2026 | B198: On the Constrution site | C198: Compo | D198: VC096 | E198: Truck | F198: 3 | G198: 0 | H198: 3 | I198: n/d | J198: n/d | K198: n/d | L198: skippato | N198: skippato
A199: 2025/2026 | B199: Racers | C199: Compo | D199: VC041 | E199: Car with gear red | F199: 6 | G199: 2 | H199: 8 | I199: 0.68421053 | J199: 0 | K199: =Parametri!$B$6*I199+Parametri!$B$7*J199 | L199: =IF(K199>=Parametri!$B$3,3,IF(K199>=Parametri!$B$4,2,1)) | N199: con dati
...

Sheet Istruzioni
A1: COME USARE QUESTO FILE
A3: 1. Vai al foglio "Parametri" e modifica le celle GIALLE:
A4: • T3 (default 0.82): score minimo per rarità 3 — abbassa per più pezzi a 3
A5: • T2 (default 0.68): score minimo per rarità 2 — abbassa per più pezzi a 2
A6: • Peso mancanti (default 0.60): importanza dei mancanti nello score
A7: • Peso doppi inv. (default 0.40): importanza dei doppi nello score
A9: 2. Il foglio "Dati" si aggiorna automaticamente con le nuove rarità calcolate.
A11: 3. Colonne chiave:
A12: • Pct mancanti: percentile del pezzo nella serie per mancanti (0=meno, 1=più)
A13: • Pct doppi inv.: 1 - percentile per doppi (0=molti doppi, 1=pochi doppi)
A14: • Score: combinazione pesata dei due percentili
A15: • Rarità calcolata: risultato basato sulle soglie T3/T2
... A20: 5. Le righe grigie sono pezzi skippati per dati insufficienti.
